--
-- PostgreSQL database dump
--

\restrict aZ7vZRy9ruDeQwrXyBSvpUv6PYT1pxbZWNAT5tHepALgrr5yR4iliSgfx1t1zkF

-- Dumped from database version 14.20 (Homebrew)
-- Dumped by pg_dump version 17.7 (Homebrew)

SET statement_timeout = 0;
SET lock_timeout = 0;
SET idle_in_transaction_session_timeout = 0;
SET transaction_timeout = 0;
SET client_encoding = 'UTF8';
SET standard_conforming_strings = on;
SELECT pg_catalog.set_config('search_path', 'public', false);
SET check_function_bodies = false;
SET xmloption = content;
SET client_min_messages = warning;
SET row_security = off;

--
-- Name: public; Type: SCHEMA; Schema: -; Owner: yes
--

-- *not* creating schema, since initdb creates it


/*ALTER SCHEMA public OWNER TO yes;
*/
SET default_tablespace = '';

SET default_table_access_method = heap;

--
-- Name: 계좌; Type: TABLE; Schema: public; Owner: bankuser
--

CREATE TABLE public."계좌" (
    id bigint NOT NULL,
    "계좌번호" character varying(255) NOT NULL,
    "잔액" numeric(38,2) NOT NULL,
    "사용자_id" character varying(20)
);


ALTER TABLE public."계좌" OWNER TO bankuser;

--
-- Name: 계좌_id_seq; Type: SEQUENCE; Schema: public; Owner: bankuser
--

ALTER TABLE public."계좌" ALTER COLUMN id ADD GENERATED BY DEFAULT AS IDENTITY (
    SEQUENCE NAME public."계좌_id_seq"
    START WITH 1
    INCREMENT BY 1
    NO MINVALUE
    NO MAXVALUE
    CACHE 1
);


--
-- Name: 리프레시_토큰; Type: TABLE; Schema: public; Owner: bankuser
--

CREATE TABLE public."리프레시_토큰" (
    "토큰_id" bigint NOT NULL,
    "만료일시" timestamp(6) without time zone,
    "토큰" character varying(255) NOT NULL,
    "사용자_id" character varying(20)
);


ALTER TABLE public."리프레시_토큰" OWNER TO bankuser;

--
-- Name: 리프레시_토큰_토큰_id_seq; Type: SEQUENCE; Schema: public; Owner: bankuser
--

ALTER TABLE public."리프레시_토큰" ALTER COLUMN "토큰_id" ADD GENERATED BY DEFAULT AS IDENTITY (
    SEQUENCE NAME public."리프레시_토큰_토큰_id_seq"
    START WITH 1
    INCREMENT BY 1
    NO MINVALUE
    NO MAXVALUE
    CACHE 1
);


--
-- Name: 사용자; Type: TABLE; Schema: public; Owner: bankuser
--

CREATE TABLE public."사용자" (
    "사용자_id" character varying(20) NOT NULL,
    "생성일시" timestamp(6) without time zone NOT NULL,
    "이메일" character varying(255) NOT NULL,
    "사용자_pw" character varying(255) NOT NULL,
    "역할" character varying(255) NOT NULL,
    "상태" character varying(255) NOT NULL
);


ALTER TABLE public."사용자" OWNER TO bankuser;

--
-- Name: 사용자_프로필; Type: TABLE; Schema: public; Owner: bankuser
--

CREATE TABLE public."사용자_프로필" (
    "사용자_id" character varying(20) NOT NULL,
    "생성일시" timestamp(6) without time zone,
    "이름" character varying(255) NOT NULL,
    "핸드폰번호" character varying(255),
    "주민번호_암호화" character varying(255) NOT NULL,
    "수정일시" timestamp(6) without time zone,
    "주소" character varying(255)
);


ALTER TABLE public."사용자_프로필" OWNER TO bankuser;

--
-- Data for Name: 계좌; Type: TABLE DATA; Schema: public; Owner: bankuser
--

COPY public."계좌" (id, "계좌번호", "잔액", "사용자_id") FROM stdin;
\.


--
-- Data for Name: 리프레시_토큰; Type: TABLE DATA; Schema: public; Owner: bankuser
--

COPY public."리프레시_토큰" ("토큰_id", "만료일시", "토큰", "사용자_id") FROM stdin;
3	2026-02-09 17:21:32.197557	7dd1bb7e-35c4-4fa5-b09b-b144782bf3c2	6
2	2026-02-15 17:31:32.725764	094e30dd-0f96-4c9c-8039-87cc9d49ade6	5
4	2026-02-15 17:56:16.161703	b980af1e-166e-4290-9a52-87a3ed166012	8
6	2026-02-16 15:53:52.821319	fe24ad3d-4fa6-469b-b6e2-5940de6b60c0	by07256
1	2026-02-16 16:17:34.029048	c06f17e7-737e-4ff2-8cb7-a3a08f4e4e7d	1
5	2026-02-16 16:17:49.22884	1777ae92-3662-4174-92a5-095d0a435c86	by07255
7	2026-02-20 16:33:59.523067	7d51d5ce-803a-4876-9f42-7ba6282adc70	siwoo
\.


--
-- Data for Name: 사용자; Type: TABLE DATA; Schema: public; Owner: bankuser
--

COPY public."사용자" ("사용자_id", "생성일시", "이메일", "사용자_pw", "역할", "상태") FROM stdin;
1	2026-01-26 16:32:05.36502	by07255@naver.com	$2a$10$gMI60PEfAHTc3oz8u4XdbOQbwoNYlxbiOwaOSsInCvd7w8L5hce3a	USER	ACTIVE
4	2026-01-26 16:57:59.695048	by07256@naver.com	$2a$10$.q4UyoRmaFfQzGWXAGqyPOH43/qAti2..woKvQcszHRcdkWdVfseG	USER	ACTIVE
5	2026-01-26 17:15:04.478363	1234@naver.com	$2a$10$MPGpQSCRYAgD01PNS9XRsejs3vJIDlo4QTPiwXWp.g2id/4.Xv1VO	USER	ACTIVE
6	2026-01-26 17:19:51.364174	qwerqwer@naver.com	$2a$10$s/w.w.REoYi6liA56jfRVOV/lwz7BT6Dd2VL1OJTN3rgn9zAkcLM2	USER	ACTIVE
7	2026-02-01 17:26:09.283048	byasdf@naver.com	$2a$10$4rf/3gkViFv6Sjzn2KSi4.RuZn0Aqa02.d.Bngsb/TV5DGHvkP5zS	USER	ACTIVE
8	2026-02-01 17:55:24.411423	Test2@naer.com	$2a$10$OzkxWck4zQYtfdpW5YP9ReYU2CbgOxBtDF7wjqX1qZYDCjgeMnmsS	USER	ACTIVE
asdfasdf	2026-02-02 14:57:51.821774	byaf@naver.com	$2a$10$xizuzVb2R16Ger488s5e6uXcQ3EuApyKMWyUr4a03kDsDfGvboJ2G	USER	ACTIVE
by07255	2026-02-02 15:07:02.438591	by0725500@naver.com	$2a$10$kYdTHyQeMRbE41ttHAr4UuCkcRy4PNURcQ6lyJCfmOBpWOuo6gkAW	USER	ACTIVE
5by07255	2026-02-02 15:16:24.006086	by072522@naver.com	$2a$10$CQgadSlAWypvtWAMCEhuyu006JSnKm1ylucVLJ113dBGDTpe77xpG	USER	ACTIVE
by072522	2026-02-02 15:33:54.773907	by07255@naver.333	$2a$10$qGUHB2uo0KGeQrDzR2Li8uXEXtaaKz4iXwVFtlLhWjhGjxZO1Ssxe	USER	ACTIVE
by07256	2026-02-02 15:53:42.417915	by33@naver.com	$2a$10$aQOxb8PrpGTjp.xpvt9R/uK3M.abI3voVecRkBwOQNB43pCkthnie	USER	ACTIVE
by00000	2026-02-02 15:57:33.464761	33by07255@naver.com	$2a$10$4WwoTnDKlZ3yy4sYUa4zWO5UXuIHu.yQmRFpXHRj95vomAb/ebk8m	USER	ACTIVE
by07257	2026-02-02 16:04:53.098836	by07257@naver.com	$2a$10$vvPPCSY387j4C7w/h4li/e.u5ouUE.V6.l0TuwkOPpOdoNRLI0ZLu	USER	ACTIVE
siwoo	2026-02-06 16:17:22.242739	siwoo@naver.com	$2a$10$VCUBHnoAHGyUQbnyQsEjmeHLYuU2x3uy.k/kQOdC7t8cHjzFXkz76	USER	ACTIVE
\.


--
-- Data for Name: 사용자_프로필; Type: TABLE DATA; Schema: public; Owner: bankuser
--

COPY public."사용자_프로필" ("사용자_id", "생성일시", "이름", "핸드폰번호", "주민번호_암호화", "수정일시", "주소") FROM stdin;
1	2026-01-26 16:32:05.37668	성시우	010-3949-2030	000329-3929939	2026-01-26 16:32:05.37668	\N
4	2026-01-26 16:57:59.706386	tjdtldn	010-3949-2033	000294-4020030	2026-01-26 16:57:59.706386	\N
5	2026-01-26 17:15:04.489824	성시우	010-3049-3049	000317-3043000	2026-01-26 17:15:04.489824	\N
6	2026-01-26 17:19:51.366372	성시우	010-3049-3049	000317-3043000	2026-01-26 17:19:51.366372	\N
7	2026-02-01 17:26:09.296077	성시우	010-3855-0988	000317-2323030	2026-02-01 17:26:09.296077	\N
8	2026-02-01 17:55:24.422979	su	010-0000-0000	000323-4929399	2026-02-01 17:55:24.422979	석계로
asdfasdf	2026-02-02 14:57:51.833256	awefawef	010-2222-3333	000001-0000011	2026-02-02 14:57:51.833256	ssㅁㄴ
by07255	2026-02-02 15:07:02.442849	aa	000-0000-1122	122222-0000000	2026-02-02 15:07:02.442849	ssaa
5by07255	2026-02-02 15:16:24.018944	asdcs	010-0000-0001	123400-0000000	2026-02-02 15:16:24.018944	werf
by072522	2026-02-02 15:33:54.787559	tt	ss	3r3	2026-02-02 15:33:54.787559	aa
by07256	2026-02-02 15:53:42.431267	성시우	010-3023-4231	000202-0300020	2026-02-02 15:53:42.431267	dfdf
by00000	2026-02-02 15:57:33.475587	성시우	010-0003-3424	000000-1234098	2026-02-02 15:57:33.475587	sss
by07257	2026-02-02 16:04:53.111204	성시우	010-2030-3020	000000-0000000	2026-02-02 16:04:53.111204	farg
siwoo	2026-02-06 16:17:22.258433	성시우	010-2030-2030	000317-9999999	2026-02-06 16:17:22.258433	ㄴㅇㄹ
\.


--
-- Name: 계좌_id_seq; Type: SEQUENCE SET; Schema: public; Owner: bankuser
--

SELECT pg_catalog.setval('public."계좌_id_seq"', 1, false);


--
-- Name: 리프레시_토큰_토큰_id_seq; Type: SEQUENCE SET; Schema: public; Owner: bankuser
--

SELECT pg_catalog.setval('public."리프레시_토큰_토큰_id_seq"', 7, true);


--
-- Name: 사용자 uk2h8xpwfdg83r6ndi8vgn0wu8; Type: CONSTRAINT; Schema: public; Owner: bankuser
--

ALTER TABLE ONLY public."사용자"
    ADD CONSTRAINT uk2h8xpwfdg83r6ndi8vgn0wu8 UNIQUE ("이메일");


--
-- Name: 리프레시_토큰 uk5vmlih8ut28elexl7wrs1n902; Type: CONSTRAINT; Schema: public; Owner: bankuser
--

ALTER TABLE ONLY public."리프레시_토큰"
    ADD CONSTRAINT uk5vmlih8ut28elexl7wrs1n902 UNIQUE ("사용자_id");


--
-- Name: 계좌 계좌_pkey; Type: CONSTRAINT; Schema: public; Owner: bankuser
--

ALTER TABLE ONLY public."계좌"
    ADD CONSTRAINT "계좌_pkey" PRIMARY KEY (id);


--
-- Name: 리프레시_토큰 리프레시_토큰_pkey; Type: CONSTRAINT; Schema: public; Owner: bankuser
--

ALTER TABLE ONLY public."리프레시_토큰"
    ADD CONSTRAINT "리프레시_토큰_pkey" PRIMARY KEY ("토큰_id");


--
-- Name: 사용자 사용자_pkey; Type: CONSTRAINT; Schema: public; Owner: bankuser
--

ALTER TABLE ONLY public."사용자"
    ADD CONSTRAINT "사용자_pkey" PRIMARY KEY ("사용자_id");


--
-- Name: 사용자_프로필 사용자_프로필_pkey; Type: CONSTRAINT; Schema: public; Owner: bankuser
--

ALTER TABLE ONLY public."사용자_프로필"
    ADD CONSTRAINT "사용자_프로필_pkey" PRIMARY KEY ("사용자_id");


--
-- Name: 리프레시_토큰 fk_리프레시_토큰_사용자; Type: FK CONSTRAINT; Schema: public; Owner: bankuser
--

ALTER TABLE ONLY public."리프레시_토큰"
    ADD CONSTRAINT "fk_리프레시_토큰_사용자" FOREIGN KEY ("사용자_id") REFERENCES public."사용자"("사용자_id");


--
-- Name: 사용자_프로필 fkcd9ivot3ps9a5ekivsxj8t0xm; Type: FK CONSTRAINT; Schema: public; Owner: bankuser
--

ALTER TABLE ONLY public."사용자_프로필"
    ADD CONSTRAINT fkcd9ivot3ps9a5ekivsxj8t0xm FOREIGN KEY ("사용자_id") REFERENCES public."사용자"("사용자_id");


--
-- Name: 계좌 fkm9ixltjm6owobtik1415ckndv; Type: FK CONSTRAINT; Schema: public; Owner: bankuser
--

ALTER TABLE ONLY public."계좌"
    ADD CONSTRAINT fkm9ixltjm6owobtik1415ckndv FOREIGN KEY ("사용자_id") REFERENCES public."사용자"("사용자_id");


--
-- Name: SCHEMA public; Type: ACL; Schema: -; Owner: yes
--

REVOKE USAGE ON SCHEMA public FROM PUBLIC;
GRANT ALL ON SCHEMA public TO PUBLIC;


--
-- PostgreSQL database dump complete
--

\unrestrict aZ7vZRy9ruDeQwrXyBSvpUv6PYT1pxbZWNAT5tHepALgrr5yR4iliSgfx1t1zkF

